{"_timestamp":1.736370417831058e+09,"_runtime":28.9619994,"_step":0,"_wandb":{"runtime":54},"batch_loss":6.942515850067139,"batch_accuracy":0}