{"_step":5,"_wandb":{"runtime":237},"batch_loss":6.948572158813477,"batch_accuracy":0.0032552083333333335,"_timestamp":1.7363703343062465e+09,"_runtime":233.8900351}